386317321890,p6jFuJZ7i,
563361123297,RQMqnoeEz,
564584266347,gOwZjiA6f,
409842059342,FMobt3UbO,
577569890441,etlF5iGXc,
730133500415,arLJPGUBD,
354265282070,wgSl4LZ4S,
855529523221,sMjgjhv2C,
207812504889,Fzs1OVFZM,
246174731431,7oT8pPvep,
617809165827,HV9JfsD8h,
505568315414,TEcR0dLyx,
441171432845,yQJb3yNaO,
566501977061,b0hS0RfDA,
571758521674,MBO8hRVrw,
636792289325,wJhP9OEuH,
798633811157,zsnmvrPOi,
185315026668,rYLmbofpY,
164077440695,V3c9XByzt,
435995636135,rP52shLw3,
460037871450,CrcohdFiD,
639298813650,oMK0rXSQ3,
440844244835,8E5hZDtws,
176644267607,G3Hvm2TPG,
523918722569,CwzGDSbfy,
490634037554,OZ3kVxPJ7,
468263846496,0kOP7HGt0,
762184357969,ALpASIUAI,
179245309624,26duFSS9f,
444717564620,l3n2kQHow,
417226523580,LPyMl6861,
307586323330,RP8jsybwd,
614276648359,iwQU9UapA,
415707117132,5XWd9j2M3,
466683840984,0w6WBhERl,
515616971347,iqeLSHEvu,
416926695359,qqrIxPqRg,
931673276796,O5r8qzmX7,
656869547069,2Bn3xM16q,
365306443348,ILvLFiHRv,
160438353614,svIEQDXWS,
658176211174,1DzoRtXFM,
159180487692,ttcbmOlHh,
611855282913,s88yCuNhg,
891640557907,17vxnPeq1,
137667101481,9Y5lYuS4p,
379786466900,X8IXl4F2a,
991534631513,IsnwT1TzR,
855258380388,1VjzKCYhO,
574458382558,CFDBHccQL,
439151117997,4C0O5iHrL,
738740432960,y6yoCMneK,
391798980953,kmD51AFtG,
605388016393,5lAxno9MA,
999715347215,yANOHc7qQ,
818630744284,zKpYAKxdX,
173289009369,0vsO3FKQt,
278764717187,YYosuscVO,
221537996223,843I2ko2w,
252402345091,I9AUhowbQ,
468871167348,TNozCgffc,
367170376190,u7ZvXq2u5,
589001326123,dNTCEcC1S,
622111947508,wKzXXv3kF,
500756129436,HdUxEGZwU,
304566004266,BrQ7HVxkw,
357471541082,wywzTy0Ex,
646926125092,WeMXOYBlB,
500560938380,XKZJ5Fj4H,
238724320894,KkjDeIGF6,
638053742703,s2AVEy5OV,
663864269154,NOnPxMz6z,
901125707291,jhbJdxXLm,
160375804919,EW19wztqF,
553517729276,ymivfiiEp,
824517442472,6ymM5XULC,
435391150880,MdmETNesz,
718357198452,ATg1gabTZ,
650795434135,ADSCqXMrg,
818610691837,RmGvnIIQ6,
217400915548,1DVkSmAN9,
643861733982,EcR4SQvNV,
845262486441,nifgh0ipX,
459661870170,iGnzRg0zT,
962311585852,XdzDoHllq,
452979676984,WhiBhKZgz,
953742959862,VrNoCdP0y,
922622408904,SVVIxXUFm,
654482327820,n3KT1KxlF,
383596077095,r8tnEbXlN,
305730409454,5rtcjbccl,
977152705984,xvurIaiUj,
513348284363,A9A8PuUii,
734860389633,cPkB00bS2,
368558288598,edxi9u670,
336892137350,75UwnaNLz,
750887313112,qFfoiRHFC,
343260020064,rWmn4UbDY,
325402711471,rMvWqaSaR,
548346217395,FMkpqT4Ne,
619166799867,2HWc2J0Z8,
192505748663,gLyDuhPgS,
740872836904,jjotOnHEo,
665543965669,Et4ux60zf,
629707447532,S7D8ZgJqj,
890678024152,bYFPHN4jb,
590917673101,V2E9TLQZm,
201471377210,yerz3v1OB,
748263117764,q4vn5oVuf,
285292771365,FLM3bHjsv,
549688996188,kI2Yk1vS2,
697424699086,J1pE5H1Lq,
936993385152,Zh8L3Mfpx,
959658371517,rv4M4xwiK,
238667606422,VQB7w7HZW,
368440484302,AvXa40WxW,
212132554547,PsFAIhw9w,
776476744655,6T6nPajGa,
598417214583,1UfzRWY99,
202685842476,9PdhP9nei,
589569827867,9SXCIPGJT,
155136380763,l3J3entHP,
677703221701,pBJyFV4Ea,
984446892095,Z3mfJq0ha,
150073583843,5aO1c2xlC,
840599440084,P6D4mZwWg,
572929706145,k69ag8zGt,
457814402319,SomHIPJoD,
450022777495,hMVrSfUj6,
980839791195,Xnl0kvwWR,
337412879848,w0MjVWch4,
361973228678,zpdiuGo1u,
605976641830,fg6LRkzN0,
419937128387,b9CuL0NZf,
746469952911,2G36RJodp,
107347239786,48eJ5T1Ky,
848694063583,t34t7pXpu,
805691052600,Lisqfv6D7,
268689915584,7PNsGj72L,
165993213932,VrqI2x0ch,
744433029321,w3CWnRwah,
300325456960,U8qrvF89M,
528874309919,ui7yTuuJ2,
587701792083,cgAyMCnOd,
439146373001,xNO6Ni6pc,
201773125724,wK706wlQP,
287443275609,8tbDcO2IG,
913093444798,CbDtoW9bg,
731131357187,JQkWny0kw,
791937385918,groovCaIr,
137445108871,DB8HHkIUC,
833597393473,rMhhaQswu,
541476848768,9XZA2biNl,
796229892643,dv8PyHo2v,
644414526782,J0Ut5aUhV,
576780794607,YGtmcKn2q,
220437665237,hAK57r0tD,
668124231882,5RgpA4bgo,
263406053092,zkNg4QvMB,
595589090045,BPBLKcKxv,
542833387712,7Y6B4C4cz,
138943572714,Fiq6DmwvN,
402747982367,gvYDEJ4Zq,
274308822443,VbG6LyqU8,
305596028687,erh8PTVHw,
490415310952,9uz4RfSpp,
715156040666,tU5gLM0XP,
162784803705,DmJpF21O2,
929746988043,srI9uAD3M,
170390686811,bbq4eIkQc,
394876088248,55yVazklR,
209039357770,8w3Qt15ak,
147756142681,l4fKyTBoP,
956651978986,1e4kN44Xe,
417597509967,TiEb4zWLG,
105211502779,YXAhetsLe,
146103331958,nMrVHZtSE,
296604988304,wT0ktyWnP,
858476512366,XBjeQl4An,
826140659209,ovFcppkNf,
476667669601,7kysP096z,
696780740516,cO9ccniXc,
395032424991,SPvTMqauJ,
840776722365,7aB8EhDzJ,
217759846663,EKIIaGRiq,
134923280030,X7861mrfd,
473394185630,Tz672eFvu,
562452818360,o7rLG4HgP,
841197263402,kudrdIQIb,
409551703929,cFydES99c,
315876530995,433ofCau2,
577290142327,yspjVGtYN,
709746228344,80g9IlcyF,
899467476410,QRVKAnipJ,
566360177891,RYOMo1Xrj,
839832673640,YKcF5Qzhw,
963247038936,nLZZygNqK,
865955515252,G0iQgs3yG,
579230479151,bKxHn01A2,
913132312521,3KqtSfA5j,
123456789987,19111191,
987654321123,1234567,
123456987789,r14a45ty8,
741852963654,tehar7892,
741852963267,7892136,
123456789012,qazwsxedc,
993470866812,qwerty,
